time-step,new-children-bites,new-adults-bites,new-seniors-bites,new-tourists-children-bites,new-tourists-adults-bites,new-tourists-seniors-bites
0,0,0,0,0,0,0
1,0,0,0,0,0,0
2,0,0,0,0,0,0
3,0,0,0,0,0,0
4,0,0,0,0,0,0
5,0,0,0,0,0,0
6,0,0,0,0,0,0
7,0,0,0,0,0,0
8,0,0,0,0,0,0
9,0,0,0,0,0,0
10,0,0,0,0,0,0
11,0,0,0,0,0,0
12,0,0,0,0,0,0
13,0,0,0,0,0,0
14,0,0,0,0,0,0
15,0,0,0,0,0,0
16,0,0,0,0,0,0
17,0,0,0,0,0,0
18,0,0,0,0,0,0
19,0,0,0,0,0,0
20,0,0,0,0,0,0
21,0,0,0,0,0,0
22,0,0,0,0,0,0
23,1,0,5,0,0,0
24,0,0,0,0,0,0
25,1,0,0,0,0,0
26,0,0,0,0,0,0
27,0,0,0,0,0,0
28,0,0,0,0,0,0
29,1,0,2,0,0,0
30,0,0,0,0,0,0
31,0,0,0,0,0,0
32,0,0,0,0,0,0
33,0,0,4,0,0,0
34,0,0,0,0,0,0
35,1,3,2,0,0,0
36,0,0,1,0,0,0
37,0,0,0,0,0,0
38,0,0,0,0,0,0
39,0,0,0,0,0,0
40,0,0,1,0,0,0
41,0,7,2,0,0,0
42,0,0,0,0,0,0
43,0,0,0,0,0,0
44,2,0,2,0,0,0
45,0,0,0,0,0,0
46,0,0,2,0,0,0
47,0,0,5,0,0,0
48,0,0,0,0,0,0
49,4,7,4,0,0,0
50,0,0,1,0,0,0
51,0,0,0,0,0,0
52,0,0,1,0,0,0
53,0,0,0,0,0,0
54,0,0,0,0,0,0
55,0,0,0,0,0,0
56,0,0,0,0,0,0
57,0,0,0,0,0,0
58,0,0,0,0,0,0
59,0,0,0,0,0,0
60,0,0,3,0,0,0
61,5,0,0,0,0,0
62,1,5,4,0,0,0
63,2,7,0,0,0,0
64,0,0,0,0,0,0
65,0,0,0,0,0,0
66,0,0,0,0,0,0
67,0,0,0,0,0,0
68,0,0,6,0,0,0
69,1,6,0,0,0,0
70,0,0,0,0,0,0
71,0,0,2,0,0,0
72,0,0,2,0,0,0
73,3,0,1,0,0,0
74,1,0,2,0,0,0
75,3,0,1,0,0,0
76,1,6,4,0,0,0
77,3,8,3,0,0,0
78,2,0,3,0,0,0
79,3,0,0,0,0,0
80,0,0,2,0,0,0
81,3,0,3,0,0,0
82,0,0,0,0,0,0
83,0,0,0,0,0,0
84,0,0,0,0,0,0
85,2,0,1,0,0,0
86,1,0,3,0,0,0
87,1,0,0,0,0,0
88,1,0,0,0,0,0
89,0,0,0,0,0,0
90,1,7,3,0,0,0
91,3,4,3,0,0,0
92,2,0,4,0,0,0
93,0,0,0,0,0,0
94,0,0,0,0,0,0
95,0,0,3,0,0,0
96,2,0,4,0,0,0
97,1,5,1,0,0,0
98,4,11,0,0,0,0
99,1,0,0,0,0,0
100,1,0,3,0,0,0
101,1,0,2,0,0,0
102,5,0,5,0,0,0
103,0,0,2,0,0,0
104,3,2,1,0,0,0
105,0,0,0,0,0,0
106,0,0,0,0,0,0
107,0,0,0,0,0,0
108,0,0,0,0,0,0
109,0,0,0,0,0,0
110,0,0,0,0,0,0
111,0,0,0,0,0,0
112,0,0,0,0,0,0
113,0,0,0,0,0,0
114,0,0,0,0,0,0
115,0,0,0,0,0,0
116,0,0,0,0,0,0
117,3,0,4,0,0,0
118,2,6,0,0,0,0
119,2,6,2,0,0,0
120,3,0,1,0,0,0
121,1,0,2,0,0,0
122,0,0,0,0,0,0
123,0,0,0,0,0,0
124,0,0,0,0,0,0
125,1,4,2,0,0,0
126,1,4,1,0,0,0
127,1,0,2,0,0,0
128,2,0,3,0,0,0
129,0,0,1,0,0,0
130,0,0,0,0,0,0
131,0,0,2,0,0,0
132,3,4,5,0,0,0
133,2,4,5,0,0,0
134,0,0,3,0,0,0
135,1,0,4,0,0,0
136,1,0,1,0,0,0
137,0,0,0,0,0,0
138,1,0,4,0,0,0
139,0,0,0,0,0,0
140,0,7,1,0,0,0
141,0,0,0,0,0,0
142,0,0,0,0,0,0
143,2,0,3,0,0,0
144,0,0,0,0,0,0
145,0,0,0,0,0,0
146,4,6,3,0,0,0
147,0,0,0,0,0,0
148,0,0,0,0,0,0
149,0,0,0,0,0,0
150,0,0,3,0,0,0
151,0,0,3,0,0,0
152,0,0,2,3,6,4
153,3,10,2,1,6,2
154,0,7,2,2,8,2
155,2,0,2,1,10,1
156,1,0,2,1,7,5
157,0,0,2,2,7,1
158,2,0,0,3,5,2
159,0,0,2,2,6,2
160,0,8,3,3,8,1
161,0,0,0,0,0,0
162,1,0,3,3,9,1
163,1,0,1,1,7,2
164,1,0,6,1,11,1
165,1,0,2,2,6,3
166,0,0,0,0,0,0
167,1,4,1,3,6,3
168,0,0,0,0,0,0
169,0,0,0,0,0,0
170,1,0,2,3,9,2
171,0,0,0,0,0,0
172,0,0,4,2,6,3
173,0,0,2,3,3,3
174,1,11,0,0,10,1
175,2,8,2,2,14,1
176,1,0,3,3,5,4
177,0,0,1,0,7,3
178,1,0,2,0,7,3
179,2,0,1,3,3,3
180,0,0,3,3,13,2
181,0,0,0,0,0,0
182,0,0,0,0,0,0
183,1,0,3,1,3,4
184,0,0,0,0,0,0
185,0,0,2,2,9,2
186,3,0,3,2,4,0
187,1,0,3,1,9,0
188,2,15,1,2,8,2
189,2,7,5,1,4,1
190,0,0,0,0,0,0
191,0,0,0,0,0,0
192,2,0,0,2,7,3
193,0,0,0,0,0,0
194,3,0,2,1,4,3
195,2,9,3,2,9,5
196,2,4,2,4,9,1
197,0,0,0,0,0,0
198,2,0,3,1,6,2
199,0,0,4,0,6,6
200,4,13,3,1,13,2
201,3,5,2,2,5,1
202,0,0,0,0,0,0
203,2,3,3,0,7,1
204,0,0,0,0,0,0
205,4,10,3,2,7,4
206,2,8,2,2,8,2
207,0,7,3,1,5,1
208,2,7,3,3,6,2
209,1,7,2,4,4,0
210,2,6,4,3,5,1
211,3,9,3,1,4,4
212,2,5,0,1,5,4
213,1,2,1,3,7,0
214,1,7,1,1,8,3
215,0,4,0,2,7,2
216,3,3,0,1,3,1
217,1,9,2,2,5,3
218,4,10,1,3,10,3
219,0,0,0,0,0,0
220,0,0,2,2,6,2
221,1,0,3,3,4,1
222,0,0,1,0,3,1
223,2,9,4,1,3,3
224,4,9,1,2,8,1
225,0,0,0,0,0,0
226,5,0,4,3,8,1
227,1,0,1,2,7,2
228,0,0,0,0,0,0
229,2,0,2,3,6,1
230,1,8,6,3,8,4
231,3,4,2,5,4,1
232,0,0,0,0,0,0
233,4,0,2,2,11,4
234,1,0,2,4,9,5
235,3,0,5,3,7,2
236,0,0,0,0,0,0
237,3,3,0,6,7,0
238,1,7,5,2,6,2
239,0,0,3,2,7,4
240,1,0,1,2,7,4
241,6,0,0,2,4,0
242,2,0,3,2,6,2
243,3,0,3,2,7,1
244,4,6,2,1,3,2
245,0,0,0,0,0,0
246,0,0,3,0,4,3
247,0,0,2,0,6,2
248,1,0,3,2,2,2
249,0,0,0,0,0,0
250,0,0,3,3,5,5
251,0,8,1,1,6,3
252,2,4,5,3,5,1
253,0,0,0,0,0,0
254,0,0,0,0,0,0
255,2,0,2,2,8,4
256,1,0,2,5,7,1
257,3,0,0,2,7,3
258,5,3,2,2,8,3
259,3,5,1,2,6,2
260,0,0,6,1,7,4
261,0,0,5,2,5,4
262,1,0,2,4,6,3
263,3,0,5,2,4,2
264,2,0,3,2,3,1
265,4,7,4,1,7,3
266,1,5,4,0,7,3
267,0,0,1,1,6,4
268,0,0,2,0,12,1
269,0,0,0,0,0,0
270,0,0,0,0,0,0
271,1,0,3,3,4,0
272,3,6,4,2,9,1
273,0,0,0,0,0,0
274,0,0,0,0,0,0
275,1,0,0,1,7,3
276,0,0,3,0,5,5
277,2,0,3,2,6,0
278,2,0,1,1,7,0
279,6,6,3,1,7,0
280,0,3,0,3,5,5
281,0,0,2,1,9,2
282,0,0,0,0,0,0
283,0,0,0,0,0,0
284,1,0,1,1,7,2
285,1,0,0,1,2,1
286,0,0,0,0,0,0
287,2,5,4,2,9,1
288,0,0,3,1,8,1
289,0,0,3,2,4,2
290,0,0,0,0,0,0
291,0,0,5,2,8,3
292,0,0,0,0,0,0
293,2,3,2,8,6,1
294,0,0,0,0,0,0
295,0,0,0,0,0,0
296,0,0,2,4,8,3
297,0,0,1,4,4,3
298,0,0,0,2,2,1
299,1,0,3,2,3,4
300,2,4,1,2,3,2
301,3,3,3,3,3,2
302,0,0,0,0,0,0
303,2,0,3,2,5,3
304,2,0,3,3,3,3
305,1,0,1,3,5,3
306,1,0,3,3,5,2
307,0,0,0,0,0,0
308,0,0,0,0,0,0
309,0,0,0,0,0,0
310,0,0,0,0,0,0
311,0,0,0,0,0,0
312,0,0,0,0,0,0
313,0,0,0,0,0,0
314,1,4,2,3,6,3
315,0,0,0,0,0,0
316,1,0,3,1,8,2
317,0,0,0,0,0,0
318,0,0,2,2,8,3
319,2,0,5,4,6,0
320,1,0,0,0,9,1
321,0,0,0,0,0,0
322,0,0,0,0,0,0
323,0,0,0,0,0,0
324,0,0,0,0,0,0
325,0,0,0,0,0,0
326,0,0,0,0,0,0
327,0,0,0,0,0,0
328,0,0,0,0,0,0
329,0,0,0,0,0,0
330,1,0,1,3,4,3
331,0,0,0,0,0,0
332,1,0,3,0,3,0
333,0,0,0,0,0,0
334,0,0,0,0,0,0
335,0,0,0,0,0,0
336,0,0,0,0,0,0
337,0,0,0,0,0,0
338,0,0,0,0,0,0
339,0,0,0,0,0,0
340,0,0,0,0,0,0
341,0,0,0,0,0,0
342,0,0,0,0,0,0
343,0,0,0,0,0,0
344,0,0,0,0,0,0
345,0,0,0,0,0,0
346,0,0,0,0,0,0
347,0,0,0,0,0,0
348,0,0,0,0,0,0
349,0,0,0,0,0,0
350,0,4,1,4,7,1
351,1,0,1,3,8,1
352,2,0,4,2,6,2
353,0,0,0,0,0,0
354,0,0,0,0,0,0
355,0,0,0,0,0,0
356,0,0,0,0,0,0
357,0,0,0,0,0,0
358,0,0,0,0,0,0
359,4,0,1,2,9,2
360,0,0,0,0,0,0
361,0,0,0,0,0,0
362,0,0,0,0,0,0
363,0,0,0,0,0,0
364,0,0,0,0,0,0
365,0,0,0,0,0,0
